1,Nata,nclement0@scribd.com,1960-03-16
2,Celeste,cmelmeth1@webs.com,1986-06-09
3,Prince,pobbard2@barnesandnoble.com,1915-01-25
4,Grata,gshapera3@hp.com,1913-10-19
5,Vladimir,vwickling4@businesswire.com,1961-04-15
6,Vince,vfernier5@behance.net,1904-03-12
7,Clari,cgossage6@reference.com,1960-04-24
8,Madelina,mnaisey7@webeden.co.uk,1945-02-09
9,Kirsti,kchristley8@tripod.com,1907-05-04
10,Auberon,aosipov9@webeden.co.uk,1994-10-22
11,Fulton,fjahnckea@disqus.com,1963-06-06
12,Gracie,gcaswillb@gizmodo.com,2010-02-18
13,Hanni,hlowingsc@sakura.ne.jp,2005-10-11
14,Shelba,shindenburgd@lulu.com,1901-09-13
15,Felita,frobake@army.mil,1903-07-18
16,Emalia,eclosef@imageshack.us,1998-09-01
17,Nissie,nredwoodg@mozilla.com,1975-07-10
18,Fayina,fmattaush@macromedia.com,1957-07-21
19,Bartolemo,bhauckei@csmonitor.com,1970-10-25
20,Diarmid,dtaudevinj@4shared.com,1966-09-16
21,Yvor,ygrasnerk@mac.com,1902-05-06
22,Morissa,mbarwickl@google.ru,1938-09-13
23,Falito,fstockallm@1688.com,1972-03-18
24,Simmonds,shynsonn@msu.edu,1943-06-20
25,Obie,oowbridgeo@phoca.cz,1962-04-20
26,Brunhilda,bhawkp@ycombinator.com,1940-01-26
27,Ingeberg,igiroldiq@si.edu,1916-01-30
28,Hube,hpyburnr@chronoengine.com,1959-06-10
29,Annalee,aflaoniers@skyrock.com,2000-03-07
30,Gabie,grotht@e-recht24.de,1921-03-20
31,Lissy,lrosenblumu@home.pl,1928-03-28
32,Mandie,mwinspirev@xing.com,1928-01-28
33,Tiena,tfranchioniw@uiuc.edu,1902-11-30
34,Clyde,csappx@dot.gov,2000-09-10
35,Nari,negginsony@meetup.com,1904-08-14
36,Dido,ditzkowiczz@sciencedirect.com,1993-03-15
37,Rourke,rderycot10@rediff.com,1969-02-21
38,Norris,nburkinshaw11@sun.com,1969-02-07
39,Aleksandr,apetheridge12@blogs.com,2013-12-08
40,Dodie,dlongstaff13@intel.com,1987-11-23
41,Ronnica,rdelazenne14@nature.com,1957-01-06
42,Hinze,hfranzel15@sbwire.com,1983-12-03
43,Jeno,jdeaville16@nymag.com,1974-01-21
44,Carlin,carnholz17@usatoday.com,1969-12-31
45,Jade,jheath18@nymag.com,1924-01-05
46,Constantin,cmackeever19@linkedin.com,2018-06-22
47,Jean,jbeynke1a@acquirethisname.com,1971-07-14
48,Carmine,cdei1b@naver.com,1975-09-03
49,Carmine,cgatchell1c@sohu.com,2008-05-07
50,Rianon,rloache1d@un.org,1939-09-13
